Cycle,Peak Timestamp,Low Timestamp,Acceleration Timestamp,Voltage,Slope,Acceleration
1,2024-06-26 15:23:00,2024-06-26 21:13:00,2024-06-26 15:29:00,88,-0.004166666666666667,-1.736111111111111e-05
1,2024-06-26 15:23:00,2024-06-26 21:13:00,2024-06-26 20:34:00,33,-0.016666666666666666,-0.0002777777777777778
2,2024-06-26 22:31:00,2024-06-27 02:33:00,2024-06-26 23:07:00,94,-0.008333333333333333,-6.944444444444444e-05
2,2024-06-26 22:31:00,2024-06-27 02:33:00,2024-06-27 00:44:00,81,-0.004166666666666667,-1.736111111111111e-05
2,2024-06-26 22:31:00,2024-06-27 02:33:00,2024-06-27 02:02:00,62,-0.016666666666666666,-0.0002777777777777778
2,2024-06-26 22:31:00,2024-06-27 02:33:00,2024-06-27 02:22:00,57,-0.016666666666666666,-0.0002777777777777778
3,2024-06-27 03:16:00,2024-06-27 06:59:00,2024-06-27 03:54:00,76,-0.016666666666666666,-0.0002777777777777778
3,2024-06-27 03:16:00,2024-06-27 06:59:00,2024-06-27 04:09:00,74,-0.002564102564102564,-3.287310979618672e-06
3,2024-06-27 03:16:00,2024-06-27 06:59:00,2024-06-27 04:33:00,68,-0.016666666666666666,-0.0002777777777777778
3,2024-06-27 03:16:00,2024-06-27 06:59:00,2024-06-27 05:35:00,53,-0.016666666666666666,-0.0002777777777777778
4,2024-06-27 14:12:00,2024-06-27 18:32:00,2024-06-27 16:07:00,85,-0.0033333333333333335,-1.1111111111111112e-05
4,2024-06-27 14:12:00,2024-06-27 18:32:00,2024-06-27 18:26:00,46,-0.008333333333333333,-6.944444444444444e-05
5,2024-06-27 19:45:00,2024-06-28 01:06:00,2024-06-27 20:33:00,75,-0.016666666666666666,-0.00020833333333333335
5,2024-06-27 19:45:00,2024-06-28 01:06:00,2024-06-27 21:05:00,66,-0.0033333333333333335,-1.1111111111111112e-05
6,2024-06-28 06:53:00,2024-06-28 14:51:00,2024-06-28 13:09:00,72,-0.016666666666666666,-0.0002777777777777778
6,2024-06-28 06:53:00,2024-06-28 14:51:00,2024-06-28 13:14:00,71,-0.008333333333333333,-6.944444444444444e-05
6,2024-06-28 06:53:00,2024-06-28 14:51:00,2024-06-28 13:39:00,65,-0.016666666666666666,-0.0002777777777777778
7,2024-06-28 15:42:00,2024-06-28 19:21:00,2024-06-28 15:45:00,76,-0.016666666666666666,-0.0001388888888888889
7,2024-06-28 15:42:00,2024-06-28 19:21:00,2024-06-28 17:09:00,54,-0.016666666666666666,-0.0002777777777777778
8,2024-06-28 21:11:00,2024-06-29 03:50:00,2024-06-29 00:13:00,83,-0.008333333333333333,-6.944444444444444e-05
8,2024-06-28 21:11:00,2024-06-29 03:50:00,2024-06-29 00:23:00,80,-0.016666666666666666,-0.0002777777777777778
9,2024-06-29 05:23:00,2024-06-29 09:15:00,2024-06-29 05:52:00,74,-0.005555555555555556,-3.08641975308642e-05
9,2024-06-29 05:23:00,2024-06-29 09:15:00,2024-06-29 05:58:00,72,-0.008333333333333333,-6.944444444444444e-05
9,2024-06-29 05:23:00,2024-06-29 09:15:00,2024-06-29 06:30:00,62,-0.016666666666666666,-0.0002777777777777778
9,2024-06-29 05:23:00,2024-06-29 09:15:00,2024-06-29 07:07:00,51,-0.004166666666666667,-1.736111111111111e-05
10,2024-06-29 10:52:00,2024-06-29 19:05:00,2024-06-29 11:15:00,99,-0.002380952380952381,-5.668934240362812e-06
10,2024-06-29 10:52:00,2024-06-29 19:05:00,2024-06-29 15:01:00,85,-0.0033333333333333335,-1.1111111111111112e-05
10,2024-06-29 10:52:00,2024-06-29 19:05:00,2024-06-29 16:29:00,74,-0.004166666666666667,-1.736111111111111e-05
10,2024-06-29 10:52:00,2024-06-29 19:05:00,2024-06-29 17:01:00,67,-0.016666666666666666,-0.0002777777777777778
10,2024-06-29 10:52:00,2024-06-29 19:05:00,2024-06-29 18:00:00,52,-0.007142857142857143,-1.7006802721088435e-05
10,2024-06-29 10:52:00,2024-06-29 19:05:00,2024-06-29 18:19:00,48,-0.008333333333333333,-6.944444444444444e-05
10,2024-06-29 10:52:00,2024-06-29 19:05:00,2024-06-29 19:02:00,39,-0.004166666666666667,-1.736111111111111e-05
10,2024-06-29 10:52:00,2024-06-29 19:05:00,2024-06-29 19:05:00,38,-0.005555555555555556,-7.716049382716051e-06
13,2024-06-30 10:28:00,2024-06-30 14:42:00,2024-06-30 10:32:00,89,-0.008333333333333333,-6.944444444444444e-05
13,2024-06-30 10:28:00,2024-06-30 14:42:00,2024-06-30 11:16:00,74,-0.016666666666666666,-0.0002777777777777778
13,2024-06-30 10:28:00,2024-06-30 14:42:00,2024-06-30 12:21:00,51,-0.016666666666666666,-0.0002777777777777778
14,2024-06-30 16:56:00,2024-07-01 00:19:00,2024-06-30 20:42:00,93,-0.0033333333333333335,-1.1111111111111112e-05
14,2024-06-30 16:56:00,2024-07-01 00:19:00,2024-06-30 23:00:00,75,-0.008333333333333333,-6.944444444444444e-05
14,2024-06-30 16:56:00,2024-07-01 00:19:00,2024-06-30 23:11:00,73,-0.008333333333333333,-6.944444444444444e-05
14,2024-06-30 16:56:00,2024-07-01 00:19:00,2024-06-30 23:16:00,72,-0.008333333333333333,-6.944444444444444e-05
14,2024-06-30 16:56:00,2024-07-01 00:19:00,2024-06-30 23:27:00,69,-0.016666666666666666,-0.0002777777777777778
14,2024-06-30 16:56:00,2024-07-01 00:19:00,2024-06-30 23:30:00,68,-0.008333333333333333,-6.944444444444444e-05
15,2024-07-01 01:03:00,2024-07-01 05:08:00,2024-07-01 01:18:00,80,-0.004761904761904762,-1.1337868480725624e-05
15,2024-07-01 01:03:00,2024-07-01 05:08:00,2024-07-01 04:54:00,44,-0.016666666666666666,-0.0002777777777777778
17,2024-07-01 16:45:00,2024-07-01 21:41:00,2024-07-01 17:25:00,77,-0.005555555555555556,-3.08641975308642e-05
17,2024-07-01 16:45:00,2024-07-01 21:41:00,2024-07-01 18:45:00,54,-0.006666666666666667,-2.2222222222222223e-05
17,2024-07-01 16:45:00,2024-07-01 21:41:00,2024-07-01 18:59:00,50,-0.016666666666666666,-0.0002777777777777778
17,2024-07-01 16:45:00,2024-07-01 21:41:00,2024-07-01 21:06:00,34,-0.008333333333333333,-6.944444444444444e-05
18,2024-07-01 23:15:00,2024-07-02 02:55:00,2024-07-01 23:50:00,93,-0.008333333333333333,-6.944444444444444e-05
18,2024-07-01 23:15:00,2024-07-02 02:55:00,2024-07-02 01:00:00,80,-0.008333333333333333,-3.472222222222222e-05
18,2024-07-01 23:15:00,2024-07-02 02:55:00,2024-07-02 01:47:00,69,-0.016666666666666666,-0.0002777777777777778
19,2024-07-02 03:42:00,2024-07-02 07:26:00,2024-07-02 04:48:00,67,-0.016666666666666666,-0.0002777777777777778
19,2024-07-02 03:42:00,2024-07-02 07:26:00,2024-07-02 06:05:00,51,-0.008333333333333333,-6.944444444444444e-05
21,2024-07-02 20:03:00,2024-07-03 00:09:00,2024-07-02 20:43:00,78,-0.008333333333333333,-6.944444444444444e-05
21,2024-07-02 20:03:00,2024-07-03 00:09:00,2024-07-02 21:11:00,70,-0.016666666666666666,-0.0002777777777777778
21,2024-07-02 20:03:00,2024-07-03 00:09:00,2024-07-02 22:14:00,49,-0.016666666666666666,-0.0002777777777777778
